{
  "bot_name": "tgporncopilot",
  "latest_backup_id": "#B1",
  "total_msgs": 163126,
  "max_mtime": 1773155023.43154,
  "scan_time": 1773156537.128181,
  "candidate_count": 0
}